mysql> select * from person;
+----------+-----------+-----------+------+
| personId | lastName  | FirstName | Age  |
+----------+-----------+-----------+------+
|        1 | Hansen    | Ola       |   30 |
|        2 | Svendson  | Tove      |   23 |
|        3 | Pettersen | Kari      |   20 |
+----------+-----------+-----------+------+
3 rows in set (0.00 sec)
mysql> select * from person where LastName like 'Sv%';
+----------+----------+-----------+------+
| personId | lastName | FirstName | Age  |
+----------+----------+-----------+------+
|        2 | Svendson | Tove      |   23 |
+----------+----------+-----------+------+
1 row in set (0.00 sec)

mysql> select * from person where LastName like '%n';
+----------+-----------+-----------+------+
| personId | lastName  | FirstName | Age  |
+----------+-----------+-----------+------+
|        1 | Hansen    | Ola       |   30 |
|        2 | Svendson  | Tove      |   23 |
|        3 | Pettersen | Kari      |   20 |
+----------+-----------+-----------+------+
3 rows in set (0.00 sec)
