mysql> select * from person;
+----------+-----------+-----------+------+
| personId | lastName  | FirstName | Age  |
+----------+-----------+-----------+------+
|        1 | Hansen    | Ola       |   30 |
|        2 | Svendson  | Tove      |   23 |
|        3 | Pettersen | Kari      |   20 |
+----------+-----------+-----------+------+
3 rows in set (0.00 sec)
mysql> select * from person where  personId in (3,2);
+----------+-----------+-----------+------+
| personId | lastName  | FirstName | Age  |
+----------+-----------+-----------+------+
|        2 | Svendson  | Tove      |   23 |
|        3 | Pettersen | Kari      |   20 |
+----------+-----------+-----------+------+
2 rows in set (0.01 sec)
